ID,Type,City,1840,1841,1842,1843,1844,1845,1846,1847,1848,1849,1850,1851,1852,1853,1854,1855,1856,1857,1858,1859,1860,1861,1862,1863,1864,1865,1866,1867,1868,1869,1870,1871,1872,1873,1874,1875,1876,1877,1878,1879,1880,1881,1882,1883,1884,1885,1886,1887,1888,1889,1890,1891,1892,1893,1894,1895,1896,1897,1898,1899,1900,1901,1902,1903,1904,1905,1906,1907,1908,1909,1910,1911,1912,1913,1914,1915,1916,1917,1918,1919,1920,1921,1922,1923,1924,1925,1926,1927,1928,1929,1930,1931,1932,1933,1934,1935,1936,1937,1938,1939,1940,1941,1942,1943,1944,1945,1946,1947,1948,1949
1,Permanently ceded territory,Hong Kong Island,UK,UK,UK,UK,UK,UK,UK,UK,UK,UK,UK,UK,UK,UK,UK,UK,UK,UK,UK,UK,UK,UK,UK,UK,UK,UK,UK,UK,UK,UK,UK,UK,UK,UK,UK,UK,UK,UK,UK,UK,UK,UK,UK,UK,UK,UK,UK,UK,UK,UK,UK,UK,UK,UK,UK,UK,UK,UK,UK,UK,UK,UK,UK,UK,UK,UK,UK,UK,UK,UK,UK,UK,UK,UK,UK,UK,UK,UK,UK,UK,UK,UK,UK,UK,UK,UK,UK,UK,UK,UK,UK,UK,UK,UK,UK,UK,UK,UK,UK,UK,UK,Japan,Japan,Japan,Japan,Japan,China,China,China,China
2,Permanently ceded territory,Macau,Portugal,Portugal,Portugal,Portugal,Portugal,Portugal,Portugal,Portugal,Portugal,Portugal,Portugal,Portugal,Portugal,Portugal,Portugal,Portugal,Portugal,Portugal,Portugal,Portugal,Portugal,Portugal,Portugal,Portugal,Portugal,Portugal,Portugal,Portugal,Portugal,Portugal,Portugal,Portugal,Portugal,Portugal,Portugal,Portugal,Portugal,Portugal,Portugal,Portugal,Portugal,Portugal,Portugal,Portugal,Portugal,Portugal,Portugal,Portugal,Portugal,Portugal,Portugal,Portugal,Portugal,Portugal,Portugal,Portugal,Portugal,Portugal,Portugal,Portugal,Portugal,Portugal,Portugal,Portugal,Portugal,Portugal,Portugal,Portugal,Portugal,Portugal,Portugal,Portugal,Portugal,Portugal,Portugal,Portugal,Portugal,Portugal,Portugal,Portugal,Portugal,Portugal,Portugal,Portugal,Portugal,Portugal,Portugal,Portugal,Portugal,Portugal,Portugal,Portugal,Portugal,Portugal,Portugal,Portugal,Portugal,Portugal,Portugal,Portugal,Portugal,Portugal,Portugal,Portugal,Portugal,Portugal,Portugal,Portugal,Portugal,Portugal
3,Permanently ceded territory,Taiwan,China,China,China,China,China,China,China,China,China,China,China,China,China,China,China,China,China,China,China,China,China,China,China,China,China,China,China,China,China,China,China,China,China,China,China,China,China,China,China,China,China,China,China,China,China,China,China,China,China,China,China,China,China,China,China,China,China,Japan,Japan,Japan,Japan,Japan,Japan,Japan,Japan,Japan,Japan,Japan,Japan,Japan,Japan,Japan,Japan,Japan,Japan,Japan,Japan,Japan,Japan,Japan,Japan,Japan,Japan,Japan,Japan,Japan,Japan,Japan,Japan,Japan,Japan,Japan,Japan,Japan,Japan,Japan,Japan,Japan,Japan,Japan,Japan,Japan,Japan,Japan,Japan,Japan,Japan,China,China,China
4,Permanently ceded territory,Manchuria,China,China,China,China,China,China,China,China,China,China,China,China,China,China,China,China,China,China,China,China,China,China,China,China,China,China,China,China,China,China,China,China,China,China,China,China,China,China,China,China,China,China,China,China,China,China,China,China,China,China,China,China,China,China,China,China,China,China,China,China,China,China,China,China,China,China,China,China,China,China,China,China,China,China,China,China,China,China,China,China,China,China,China,China,China,China,China,China,China,China,China,China,Japan,Japan,Japan,Japan,Japan,Japan,Japan,Japan,Japan,Japan,Japan,Japan,Japan,Japan,Japan,China,China,China
5,Permanently ceded territory,Southern Kowloon Peninsula,China,China,China,China,China,China,China,China,China,China,China,China,China,China,China,China,China,China,China,China,China,UK,UK,UK,UK,UK,UK,UK,UK,UK,UK,UK,UK,UK,UK,UK,UK,UK,UK,UK,UK,UK,UK,UK,UK,UK,UK,UK,UK,UK,UK,UK,UK,UK,UK,UK,UK,UK,UK,UK,UK,UK,UK,UK,UK,UK,UK,UK,UK,UK,UK,UK,UK,UK,UK,UK,UK,UK,UK,UK,UK,UK,UK,UK,UK,UK,UK,UK,UK,UK,UK,UK,UK,UK,UK,UK,UK,UK,UK,UK,UK,China,China,China,China,China,China,China,China,China
6,Concession,Kanto Prefecture,China,China,China,China,China,China,China,China,China,China,China,China,China,China,China,China,China,China,China,China,China,China,China,China,China,China,China,China,China,China,China,China,China,China,China,China,China,China,China,China,China,China,China,China,China,China,China,China,China,China,China,China,China,China,China,China,China,China,China,China,Tsarist Russia,Tsarist Russia,Tsarist Russia,Tsarist Russia,Tsarist Russia,Tsarist Russia,Tsarist Russia,Japan,Japan,Japan,Japan,Japan,Japan,Japan,Japan,Japan,Japan,Japan,Japan,Japan,Japan,Japan,Japan,Japan,Japan,Japan,Japan,Japan,Japan,Japan,Japan,Japan,Japan,Japan,Japan,Japan,Japan,Japan,Japan,Japan,Japan,Japan,Japan,Japan,Japan,Japan,Japan,China,China,China
7,Concession,Jiaozhou Bay,China,China,China,China,China,China,China,China,China,China,China,China,China,China,China,China,China,China,China,China,China,China,China,China,China,China,China,China,China,China,China,China,China,China,China,China,China,China,China,China,China,China,China,China,China,China,China,China,China,China,China,China,China,China,China,China,China,China,China,Germany,Germany,Germany,Germany,Germany,Germany,Germany,Germany,Germany,Germany,Germany,Germany,Germany,Germany,Germany,Germany,Germany,Japan,Japan,Japan,Japan,Japan,Japan,Japan,Japan,Japan,Japan,China,China,China,China,China,China,China,China,China,China,China,China,China,China,China,China,China,China,China,China,China,China,China,China
8,Concession,Kouang-Tch√©ou-Wan,China,China,China,China,China,China,China,China,China,China,China,China,China,China,China,China,China,China,China,China,China,China,China,China,China,China,China,China,China,China,China,China,China,China,China,China,China,China,China,China,China,China,China,China,China,China,China,China,China,China,China,China,China,China,China,China,China,China,China,France,France,France,France,France,France,France,France,France,France,France,France,France,France,France,France,France,France,France,France,France,France,France,France,France,France,France,France,France,France,France,France,France,France,France,France,France,France,France,France,Japan,Japan,Japan,Japan,China,China,China,China,China,China,China
9,Concession,Weihaiwei,China,China,China,China,China,China,China,China,China,China,China,China,China,China,China,China,China,China,China,China,China,China,China,China,China,China,China,China,China,China,China,China,China,China,China,China,China,China,China,China,China,China,China,China,China,China,China,China,China,China,China,China,China,China,China,China,China,China,Japan,Japan,Japan,Japan,Japan,UK,UK,UK,UK,UK,UK,UK,UK,UK,UK,UK,UK,UK,UK,UK,UK,UK,UK,UK,UK,UK,UK,UK,UK,UK,UK,UK,UK,UK,UK,UK,UK,China,China,China,China,China,China,China,China,China,China,China,China,China,China,China
10,Concession,New Territories,China,China,China,China,China,China,China,China,China,China,China,China,China,China,China,China,China,China,China,China,China,China,China,China,China,China,China,China,China,China,China,China,China,China,China,China,China,China,China,China,China,China,China,China,China,China,China,China,China,China,China,China,China,China,China,China,China,China,China,UK,UK,UK,UK,UK,UK,UK,UK,UK,UK,UK,UK,UK,UK,UK,UK,UK,UK,UK,UK,UK,UK,UK,UK,UK,UK,UK,UK,UK,UK,UK,UK,UK,UK,UK,UK,UK,UK,UK,UK,UK,China,China,China,China,China,China,China,China,China,China
11,Concession,Northern Kowloon Peninsula,China,China,China,China,China,China,China,China,China,China,China,China,China,China,China,China,China,China,China,China,China,China,China,China,China,China,China,China,China,China,China,China,China,China,China,China,China,China,China,China,China,China,China,China,China,China,China,China,China,China,China,China,China,China,China,China,China,China,China,UK,UK,UK,UK,UK,UK,UK,UK,UK,UK,UK,UK,UK,UK,UK,UK,UK,UK,UK,UK,UK,UK,UK,UK,UK,UK,UK,UK,UK,UK,UK,UK,UK,UK,UK,UK,UK,UK,UK,UK,UK,China,China,China,China,China,China,China,China,China,China
